idPlatillo,Nombre,Descripcion,Sugerencia,Costo,Tipo_Platillo,Img
NULL,"Sopa de Cebolla Francesa","Rica receta de sopa de cebolla francesa original hecha por la casa...",NULL,56.98,Entrada,http://mxcdn.ar-cdn.com/recipes/originalxl/ccc54f1f-5e08-4aa9-95a8-79d8568d0d66.jpg
NULL,"Calabacitas con Crema y Linguini","Calabacitas de cosecha tierna sazonadas con crema acompañadas de pasta...",NULL,48.82,Entrada,http://mxcdn.ar-cdn.com/recipes/originalxl/70cb885b-8dda-4d05-8cfc-4135a7d9291b.jpg
NULL,"
Pay de Atún","Rico pay casero hecho con los mejores ingredientes que se encuentran en la region...",NULL,26.83,Entrada,http://mxcdn.ar-cdn.com/recipes/originalxl/de158c9e-f1f8-4a67-a519-097f20ae09d3.jpg
NULL,"Ensalada Tricolor","Rebanadas de aguacate, queso mozzarella fresco y jitomate, aderezadas con aceite de oliva y vinagre balsámico.",NULL,56.82,Entrada,http://mxcdn.ar-cdn.com/recipes/originalxl/9b8551dc-32e4-48f9-b9a7-3ac545212b0c.jpg
NULL,"Molletes Mexicanos","Deliciosos molletes acompañados de chorizo casero, salsa picada y acompañados de aguacate.",NULL,52.93,Entrada,"data:image/jpeg;base64,/9j/4AAQSkZJRgABAQAAAQABAAD/2wCEAAkGBxMTERUTEhMWFhUWGBgXFxgXGBgbGhgYHRgXGhgYFhoYHSggGBolHRgVITEhJSkrLi4uFx8zODMsNygtLisBCgoKDg0OGxAQGy0lHyYtLS0tLystLS0tKy0tLS0tLS0tLS0tLS0tLS0tLS0tLS0tLS0tLS0tLS0tLS0tLS0tLf/AABEIAMIBAwMBIgACEQEDEQH/xAAcAAABBAMBAAAAAAAAAAAAAAAAAwQFBgECBwj/xAA9EAABAwEGBAMFBgYBBQEAAAABAAIRAwQFEiExQQZRYXETItEygZGToRUjU7HB8BRCUlSS4QczQ2KC8XL/xAAZAQACAwEAAAAAAAAAAAAAAAAAAgEDBAX/xAAlEQACAgICAgEFAQEAAAAAAAAAAQIRAyESMQRBExQiMlFhcZH/2gAMAwEAAhEDEQA/AOGoSmBGBACaEpgRgQAmhKYAjAgBNCUwIwIATQlMCMCAE0JTAjAgBNCUwBZwBACSEr4YWfDCCaEUJXwwjAEECSEpgCMAQAmhKYAjAgBNCUwIwBACaEpgRgQAmhKYEYEAJoSmBGFACaEpgRhRYCaFvhQgDdCEJSQQhCABCEIAEIQgAQhSNiuWvV9mmY5kEBQ5KO2Sk30R6CFd7q4SazOqQ53LYeqeWvhmjUfic7Lk1Z35UFKi6WFRhyclf6OeIXUK1x2MU/DwASPaOs91RL3uR9F39TdiOXVWQzRkV8NWiKQhCtEBYWUIAwhZWEACELKAMIWVhAAhCEACEIQAIQhAGEIQgAWVhZUgCEIUACEKe4b4ZfafO4+HRGryM3Hkwb99FEpKKtgQKmrm4arWhrnNhjRlL5Enk0Rn3V9urhizs9ilJy89TzOMbgHJvuCstGye8rHk8v1BEdnK28CWouDRgg/zYjA+kqx3R/x3TacVd5qQcmtGFv8A7ak+6F0Gy2TLzJ2KI5KiXk5Wq6GUWVmycP0Kf/TosbnOmfxTv+F5AKc8MckeGFnbb7G4Mg32Sdk1fdQO0KzeEFjwAosj4yoWm53SDqBsd0hUukl0lpHQRCuhswKz/ChMpsFFropZuOiYx0wY3whMbyu6ysa4uoE84Yr+6yBJvsg5KVkkRxZ5/vejSbUPhFxac4cII6JivQdpuem8Q5jSOwVTv/gWi5jjSaGP1EZfEaLbj8yPTIo5QhK2iiWOLXagwk1tWwMIWVaeDOH6Vpxuqkw0EYQSM41MKJSSVsfHjc3SKqhSNvul7KuAAkOPlPMeqlbr4Xc4ONUbwIOnVK8kUrsePj5JS4pFZQro/g4MguktdoZ1jVObu4VDz5QIG6rfkRLX4eSKuWihYSsLplThctOk+5bUuCMZktHvySfVwIfitK7OYoXWG/8AHtIakH3Jre/AFLCCwkbGNkfWQK/h9JnMEKyXxwhVojE0427xqPVVwhaITjNXFlcouPYIQhMKCEKd4SuQWmo4vnw6YBdH8xJ8rJ2mDn0USkoq2QPeFuFPHb4tYkMnysGRf1nZnXfNdOsdh8oEAAZAAZAdFi7bL5eWUDkOUfRTNnZAC5WXK8jt9ExVidKyDdPKdMAZLeJaRuMx25Ks8SX+KTCGnPSevJU36Rpx4rJu1Xgxmpz5BRVa/wD+lvxVH+1qhk4sysC3VDTxlzYkjXMnsm+KXs0zwrGrZbncQ1OQCTPE7xyKr911TVpl5j2sI6wASfqlq1BuEmCSNIOqOCTpivDNx5RWix2Xitp9tsdlOWS8adT2XArkZvBzXYXM6yP3kpS7bXiP3evdPPBSszKVujqgK2BVdsV7mmAK058hMd4Ta8+NKNIEMBqOGgAIHxKojGUnSLniklbRawFpWqtaJc4AdSAuQXn/AMkWl4Ip4afbM/EqCq2+pV81Wq5x5kk59lpXiy9lajas7FbeKbLTOHxA5x2bmmF9XnLRBwtO85lctoWZ5zOROhP5qQq2Z1Sj565Bbz0jkrPp4L2H4q2hpxdYXBwqBxcw89lAWdkuaInMZc1bHw+zFszG/PsnPC1ytYPFq67DktmN/bRVKP3WhY8K0qrcUYDA0ySvDdiNlLgXAhxkdtEteV54jgp6LW9cYawPGwOSSbUV2dDBC3yXYla6obVM+yfZyylaNvJrZEnNMarA7PGcjzyjomttu6oXeQSCcjKzcE92bIzlHtWTL72LmFs9B0Vsu6/7LSoBrSXFojIalUu5+FLXUIJZDeZMD66+6VdrDwjTaG+KcRGzcm+p+iqyOK0V5ZQm+U3X8N7iv19eq5po+X+oaN6OnU9NVPrVhaxsBoAGwhMLVbwTDSs7/Zgy5ot6VDmtaAFGWukSS55jLJo1+GyKdoM+XM8+XZMLPe1Kk9zc3vLoMnTn0iEyTfRQvuexayx7TpDYzB1ntoudcbWBjbRipiA4SR1XW6gBGQCoXGl0PEVYymD0V3iyrLT9mnJBfFooH8MhSfhoXWOfZDU6D3ey1x7ArpPA9gNOztxAh1R7nEHWB5W/kT71eqN1UW6MHwWLVZQIIyjZZvLv4wYpZG5DJOpSFFuQK1qFc+iyJped4ilSe/k0n0VB+zn2rC6sC1roNNgJxEESHHkCM+yuF42fxab6f9QIHfb6qG4SqE0nUqsk0XOpwf5QP5R01TwqP3ezf4yvRCWi6aYJAeSR/K3ODyJP6ToknXCC0+dwB7GFM3zQaw4mjXU7e9QgvM5tZ5u6flJ7RuyPE4tTJGzmnRosoMpfzHxHwS5xMnFO38oySFwWatWtHhh0Mbm6oRk1uevU6AJW6K0D71pxSR+sZHkUtVtT6b3tYHPp1CCcLD5cvzEKxxitvsyRWS04SaQhxZcP3pfQqYmxmNwdMiPaH7zUHw/afDrtJzEnn9VPWa1eG4h3mbmIkjPODmNjnCQtFZkggAnfkf8AaVztNF0/DX5Jk7brSxzZxAknKPyVWttl+9xHMEaTv1Te3WkUzLT7uXUKCtF4vc6XOjb3KcOF+hJ5uCp+hO9LI1tU4TlIkcuYT+zWGmRlM9zAKjnEEfqpC7q8NPNaZ2kUYOEm7XZOEAwdSBEqKvGqXMLRtn706/i2tZ1K1sl21KnncIacxO/WOSzp07ZozYU4pIxdRDWYXOGI6Bb0LyL3ikZAJiBr8Bqn11cB17S/EXCnS/rMkno1uU95hdKuPhyzWQfdsl8Q6o/N59+w6CApnnjH3bMD1or128KP8rwcEQfM2Z7icvepocPHHi8SMo9mfzKmH2xo3TV95jZYpZ5Sdi/IkR7uFLOTL24jrJy/KE/pWenT9hoEZaZ/FIVrcSmVotGUudA7pHKUu2Q879EjVtoG4UZaL1P8uf5KMtFvY06/EEfmouteYcS2TA5aT1k5plFspc5MlrVb5nESSI8rZMrWSdTh5CP3mqpbr6JfFMZDInmd46J+y/cLBibmNSNM9CrPilRb9PNLkyzBwpM5uIVA/i2+M6o8wS7T37p1ar9qVDJEN2AO3VV2tZ3uquc6YJzjl2V2HFV2X/FKMU2uzoN03jpmY+iecQW8VLNUa6PZ/LRUy7LxpMc1rsbWyBqOxPZX1930/BJny4ecz8VWk8cui2dTRzEIVwsty03MB5zppqdELofPExvx5F+BWj3CYJjKfd16JEV1q+iHgukGfKeWR07qPKbWN0RgjGUvu6Nn2oUxu6ZhRF6305h8wDGkEgzKkbVcb3EEPAAAGEyNOqhr5sjKhZTqPETE7Z9YWCLio/cbMWBPrZUbfxU8lwFQgbYfznVWnhKyNbZBVa4uL3EvxNIJfuAdCBpKjbXwwxrsRZS8IRJkk65klSV58ZUmUxSps8QACNgI56dVojGElobFKpXRH36xzg5mmLTPQ+5Qdna2jLTUa4gnzNB6TqtrTbbRWE+w1wyiG9NUlVuIilLSS4SHTnOQMjkIKbjFaRZlfJpxJO6bI+rUwl7W4nY2kSTkP5tA0QCrTSs4aw6E6TOpA1iFAXHgpUm4gQ+CSeYP8o5D806s14ZuEwCZGf5LNlp6NWHx8vH7umQ19ziwaQ5pPPMZJrUux5GJtRrWjU8+/olr1FXOqRk4ZEZaCI+A96rdO9nZgu8pzj8j3V+GFx0YJ5skE437JBtxuqu8rhMGZBE9SZ1Uvc1jYKVTxGCo+lIDSQAcs8gJy6p7c1WkKeKRJAOeRHMKBbebafi1KZGJzjAPf6hX06Mak3fIhfK12LBkTMT9PgrPdl/WIjDUs7WNyAc3PPclVq0WrxHOeYALj5Y7aJjaCAfLpy5fBO4p9k8mui73xYaLX030wCC4ZaiD0VzslkpU2zViBoDA7E5/Rc84Rul1owteXCmJzz05NPNT1voY2upjE1zIk6iNpnYhYM8d0jVHM3Gmy3O4hZOFnm6NmPjoAoS+OJXNdhAnnh0HSea0ua9h4Qpv9pog5ZnTRQ/ErGv8PkZnXXOAVSsST2SvD5Rbses4i5g8wf8A6Uk3iTmWQOZH5SoE+QYIIJ5tjtBOwj6lMrNd5ZUxVC0iMiM/prK0RwQeymfipUWQ3+cwaoMnI79uSQN8giHVAc99j0UfUptnIR3TapYJHpP06qfjgWPwqVod1b4YHFzZcRkARl3zUQbXUeS8yBOQgwTzPxTmz2UgPApvJMYciDGWeabG8XNJEEH2YORGesK+EY+jLLFKG2WuldzDZw4mXRicRqP/ABA7yo2vSY6mWYwHvOpggNByn3wt+GbTTNdvik4cJxSZxQDPuTC0Wmi6pULGloJJYNsOeU89FDTLFmuO2R5tz6RIe34aH4pvRrunEM5/eiUt4LmxlkffppHu+ikOHrHLmveG+G05guIgbmVYkquhpZJN1ZL3JY6drj7smNXNkQdx1V4s904WYHAuaB5ZOXwSlx3nZGjwqRZOHICJ930UriAGoJOnNYc0G/Y8cjvopT2FhLQSACcgdN0KcrWIFxJOvQIWPnM3qUTJep26GNFmpYQBLQ6Ncz5v1UVTs5Oy57xfVqAswvOEgNYJIAAkdl3M6ukcbCrs6heFqcGkzAVWv0BzZAIh0e4qncP3xWH3ReXMIADZybuNstIVqvK0hlJ0mch8VzcmPg9HZ8SEckGmM7zvVooeCxoz1kbzr1zUQ2gx4Be3PLzN8pEaEEfqtKTmOMudsCIUq2nS8Mu8UYtmjP8Ay5JnJosePHyZq6xMAYPFqOYcjJbJOflGWRyCTbbTTe9pABAwgOGYAIjIxH+zlyj7TaHNBcc4zA5bZLew2CvWAr1KJ8N2lUuGQ0E5zG2isjGTVmCeSWObjVr0S9os7qrgGgFxA5jueybWq6KlIjE4FpyynXYdFL3C91GoWVDJnLPIt1EbRqn/ABFTmmeRCz9PZrwyyqO5Mqd38TU6LsFWS0Ho4A57a/BV6/LQ19epUpD7txBALY0AnLuk7VZywkVJDpMHYgAQRzzn4pFsnkJ+E/vcro44RitHOyTc5WzeHSQ1sESDy7FNHYuUZZR+Sk6NZwaWAajWOe+SbMqYDs4DT9ynTKpDXxIADm6/spzw9ZG1rTTpvyYSSdpA5nvATW1Vi85tjYap7ZHDC5pbGQBMZwOU/XsEz6Ejt0dGZxFZ6BcyiCXMGEGBgG0gg5+5Q9e2PL31DUdBzc0HWBp+yqm63QBrphknURGnZSX2SHU2l9ctLhkCHESdiQFm4JPZo16LNdd60MBe5rhPstGR952CRp25pq4mvluWTh7J5E6FVCy2moxzaeMYJg7yJ1EqVpXZUNWGgnfCAZHcdkmSP7NOCT4tssF91m1KLmgAkZgxuM1AUMDhJbhMz2PTslqjy2qQAYwyc99NEzsF2vr2gN8zWe04nf8A/KXHH1ZEc1S/Ec3PVa6sGEhwM5HeNFb6N1wBJAnkqJetw1LPVDmHEB7JGs7Aq9cPtqPZNQZgSQNEuePGqZswZHO9VRpVsozz03KaUy5jycIhwgmBm3vy6KYt9Br2lsw5Ql52tzGjE3YtxDTMctlVD/R87fGqT/0pN92LwqriwiCXQGnIN5dNdEkKLsJEEFukbfXslbZRcHAz5dNJhYr3fWFPxAwmni9qIGuvZdGMrWziPHXZFY3AiB2UxdVA1XQThgZgzny7ptSo5SR5tgpq52YXtMdf9fFE5aGhDezax2QmqwEQWn35awupXfQaynlqQJJ103UDYKTXPFU04MYdIiYj6qWrVwxhz5/GVzsuZSejRwehKqQSSUKKq1pJIOSELBJqyXkii5Cm0y2RyOefbLdRfElwUatnLHQwASDkMPot/A8rnyeh0+Ci696CqDRqzDgQCDmVdHPLLtqih4lDplaZcLaRd4WCocJkdYMEHPOYPuhNbLdVaqS2pkxonMxO5OegVjs3DT2OmhVLQfaEZ9IzU9Xu6KZBZOUkHcxsVDb9l6yKOonK+IbPTptDGOg79Rv3TO6qwYwgnR0zzB5Kctd9B/3dSgxzdGgiC3pO6QZRpugMZkYGeYbnnnuO6uTfGmiqSt6YztV4h7CGMc6RGQVq4Ts5ZZmNeHEO8xYZgT3VXt0UqhpjCQCCMBEHlmN1NWS9q72mozQCCIUSTqqGjv8AJju/sY8+AgA5QNk9u6rUq0g0ieU/qEws3FRgtqsH76LS67xkktJBJmOQ7qvgrHj5OlBElZ7hZ4x8VoecPlGWUkyIK0vLgImoKlAsaDq12IQY2LTtr3W9SrUDg7FI/qGvYp47ihzBLzLRrkJRycXQfBOSckivXjwFUawGm/E4ANIdBkdMslBXpwxWYwHCTAExsfRdWu29qdamHtBE8/TvO6a3nbmBumvNOskzK/6jk1ku57XtNVsCCPMpRllNorhtJmJzW5gbDY+5PrxeKtT/AMW/VPf+LbMTba9Vv/TY3CTsXEgwOeiscpNNi2rRBDhWq1rqtpb4TW6AwZzECAcuean7vsIrvlwD6bRltJIGrdMIzSXH99OfWApghgg55STv1/2nPCFy2sAVSYaQRhJmQc/cqpOUo2zZj4wase/xNCk3w/4WlI8rnAZnrol6Nj8Km6pQwguaR7jy5JlbvacIz36KGt9d9FudSMWjQqoO3UjoZscaUo6JO33S51IV6eZiHt7KrWy9HtGFoIdt0Vju+8HWcf1tfBM6hIcQWKk9njUyAdwtEVFlPyTUXESu62mtgD3DLXur5dFekxpDiROUhcRs1R2LI4YPNWywX+S0NcfNpOx6pMuKXaEwZ4tcXplwva1NLxkJgAxvG/wVDvfiHF4lJgluLU9Cnl53iTTd4ZAdpJ+sKp0aEuAJAJMSdEYcSe2L5Gd1USy2a1+MxlMwzCcRymSRAn97p8LzqVKf8Pha1kYcu8kyU2uK4a3jNa6mCCD5mvBHQmJjsVZm3M5rC14bvnopbUZUjPfKNvsrlouv2cAzJgAxOsSeWanLh4fcDLxoddZ106J7Y7Bggxm0gieh17SpgGBl1/2UmWdqkC7GNVkP8py8ogdx/pRV+2rRnPM/FSNR4YS9xk7BVu0EucXHUqnx8NytlmXJSSQo2uYQkMKyujoylvsnEoptNOo2Q0nCY2nIHsmV23wKz3FrQ0t2gZg/kk7+sWB7gNJJ/UKHstqbTfjIh2kjcdRoVg3tGv40/uiTFtvFzHDIzthUrY+KMVOHNII1BOfxVdr3sx4gkg8yEvRsw8MuxTO/RUtuHQ6xxl+SJa0XTZrSJDWzyjMe9Mb/ALvp0bNhZDQ0a7803uh8VABPdT16WWnVZFTOOWh9yuxZHLsz5cXCXejl9vZ4zw7NziBm1oiN8UDbmr/w+xjKbQQNAoCjctKjjcXVJIcGNEjMncjaFGvNYNIh2BonVaebk9FcoKi0cR1rMRhcGgneNOWar9xWFz6hIMa7agKDq2wvdlJbyOce8q3cMWkMbhOTp+ijJa9hDFBK1tkkLmL251C1w+HvChnXbUGLxQInLkeqs1vqkNxA59FD1rQampVf5D/NOKavQtZq2BoAyTK9neVz3GIC3tLsLSeSqF932T5QY1keqvjCzLdsj7febsMNynI9uimOCbVUazBTMYqoDgDrIbHwhVmlDsRU9wTUh7hJEYXiOYlWZFUGTj3M6bx3RoeI3FRNSsGjTLIad1X7PedqpeUksbq2RoeRUzxdaaj6tCtSafZbJ57wq9xBxBVZVxNBY5jhmIOce8aFY41K6N1NJaGTr8glzvM4z8eqq96131H4iYhPLxkk4BIPmgbSopocHAvBieRWjHjS2Rn8iU1x9F0u+9adWgxpaA8ZE8+6bXqWsYTmYzgKKrua1jHAxiO23KUrSp1HmW/eZaQc+iXh7Hj5CSogqTcbiQCBK2c0tIh0zrrl0lXMXDaa5YadnLA0QZyBVzsfAtFzG+NTBcNYyk+5O81aMbiu7KDwndvi1QcBcBqAcvfK61Q4foFoxUmnuAlbruOjZx91TDAt7XaQWkTHVUXvkEpXpEDf7nUgG0A1gzzATOzWzEGNcJjMpzfNf7rNwBj3nqoGw20NGbgDGn0zSqXJlqjxiTde0DCI3PrkmtS3bBIXmwv8OHwBmY3yj9VilSDdP33UQxOW2S5qKE6wLtUwq01LOamtoYtSikqRQ5NvZHYUJUrCkLLlxHZS5mJuo17Kh2+nnMLqLlV78uHFL6fvb6KrLhd8oluDMkuMijOOc6LNO3PYfLpy2UpXu0D2paeZGXxTKtYo/mafeFXp9o02v2ObDfeFzS5mh2VxbeVCs0CcJdEd1zkiOXZK3RezWVYcRBy7HZR8dbihZuMu2dJtd3tLSw55a7jsVBGyBjTqRB1Utcl6B7YLgRzKR4itFJjC7KdBnlKh5WukUqKepFBstiOMyMpMnYBWWzUadKk+o4aNOH9Peomvbw5sSTnPl/LNMrS+pUbgiG69SpUJzlsslOKjofWnjKm6jAa7HEYTp3nkqo+8KzplzhOeRUrTuronVO6hyWyMYLowycmV9j6jh53v6DEYTatZSNTJJy/3yVzpXYOSU+yxyHwTiFMfZoEMkzqFIXXY3scHjIj9lWqndo5J2yxAbJlG1TI5U7L9cLaVosrJgjDBHUahRdr4BoPdidiwzIEqGue83WV8gEsPtN/VXKjxJRq08TXRznJcnJj+KWzfGUpRuPRXa/DdlsoLy0kdZKoV+lridm6sy1XTa99ULTioh7cUR/8AFU7fwlUqPALoY0QB0TxyRXY0OXsgeE7gNeq0ubLAZM6LrthuajTHlY0dgozh+620G4QrADkn5Xsz5Hb0DWAbLJrBvU7KocYcT1LIWw3ECoSxcZ16r4FIAbkk5KGm1ZEYNukXS8rxc2S5wDVAfbVKo7y+1pmoy22t1R0uMz8B2UdbaDWlp0kkEx8P1UO+DZfHGlJJ9kxb7MM3VHwDllnBOwG+yhaF3EnFkc8zse6khSDmBpJIHUpzTpgAACANAmx4/wDhMslaE6dKOqUwrcBYc8LRFUqRnbtmhCa1ylXOJ0CGWFztpTpCtkaWoU6253R7KFPETkW7wpSdWygpwbNyK1NF40KemKpIiq10gyDoVVLy4BaSSz4eiv5FQbArU1HbsScaH5HKqnBMagj3LDeC29V1Xx27tK1LKR2+iYiznth4ZcwAB7gByORUlVuXFGKTCuIsdM6FYNhGzgs7wrlZb8zqimC4RyR9jRsribJ1CwbMrVFeytzZTxdfRbC7VbDZhyWhsgViSEcmVsWFYNlVlNjC0N2yn0IVxtBZdSU666ndE2qXe4bJlRDTIN7EyfWdTnCJG4P6Kfq2I8kzq3Y4/wApS5ccMseMh8OSeKVxIysylUpg0xD9ZGoTc3pa6bMnh3dPW3HUE4ZTez3NaQ4/dkhcl4HB12jq/LDIr6Y/4VvW013OxPa0Dp6q2U6jmjzVAeqrFluW0R/0gPfH5LFq4atr8g8MHclLLHKXSorqF7aNOM7xpuaGghzp1ULYXucIaPRS1D/juoTNSrPZWSx8KhggFXwwNKmRLNCP4lPYyq3YOH1Te93PqUSxjHB5LdtgZMH3LorOH2jVOGXPTGwWlQdUZ/lSdlGuWhUFIB7c+Qzjv1396km2V50argyxMGgW4pNGwUrHQkstuyqU7pedU7oXEN81YSQFr47QmoTkR9K6mjYJ5TsQGyxUvRrdIHdRts4lYNXj3IbSJpsmPC7IVSdxW2d0JecSfjkLUuKaP41P/NvqnLOKaH41L/NvqvOCFosz0elm8T2f8al8xnqlW8SWb8el8xnqvMiEBR6fF/2X8ej8xnqs/blk/Ho/MZ6rzAsIpEnqD7Zsn49H5jPVZ+2LJ+PR+Yz1Xl5CikFs9Q/a1k/Ho/MZ6o+1rJ/cUfms9V5eQikFs9Qm9bJ/cUfmM9Vj7Usn9xR+Yz1Xl9CKRNs9Q/alk/uKPzWeqyL1sv8AcUfms9V5dQigs9R/a1l/uKPzWeqx9q2T+4o/NZ6ry6hFILPUX2pZPx6PzWeqyL2sn49D5jPVeXEIoLPUf2xZPx6HzGeqz9t2X8ej8xnqvLaEUgtnqT7es349H5jPVYN/Wb+4o/MZ6ry4hFEHqL7es39xR+Yz1Wrr/s39xR+Yz1Xl9CKA9OHiGz/j0vmM9Um7iOz/AI9L5jPVeZ1lFE2ej6vFNnH/AH6f+bfVMLRxpZx/3Wns4eq8/oSuP9GUv4dsr8csPslvvcPVR9bixzv+4wf+w9VyNCR4m/Y6ypejqDr0a72qw/zHqhtro71Gf5N9Vy9CX6dfsb6h/o6e600f62f5NQuYIUfTL9h9Q/0YQhC0mcEIQgAQhCABCEIAEIQgAQhCABCEIAEIQgAQhCABCEIAEIQgAQhCABCEIAEIQgAQhCABCEIAEIQgD//Z"
NULL,"Chiles en Nogada","La mejor receta de chiles rellenos de un picadillo de carne con verduras, frutas y almendras, bañados en su salsa nogada con queso y nuez. ","Acompañalo con una copa de nuestras ricas aguas...",76.82,Fuerte,http://mxcdn.ar-cdn.com/recipes/originalxl/b6d5f437-a35e-46b9-99a9-227279f7f3b9.jpg
NULL,"Tinga de Pollo","Deliciosa tinga de pollo sazonada con las espcias que adornan su sabor","Acompañalo con una soda helada y disfruta de su sabor...",56.13,Fuerte,http://mxcdn.ar-cdn.com/recipes/originalxl/af845362-6920-4061-9b97-2bc26f382764.jpg
NULL,"Albóndigas en Chipotle","Albóndigas preparadas con la mejor carne, sazonadas y acompañadas con la mejor receta de la casa...","Acompaña tu platillo con un agua carbonatada o si lo prefieres una soda...",85.28,Fuerte,http://mxcdn.ar-cdn.com/recipes/originalxl/0f176260-a51e-4e93-922a-7266977be703.jpg
NULL,"Medallones sellados en sartén","Ricos medallones de res sellados al sartén Medallones sellados en sartén con salsa de oporto simple.","Acompaña tu platillo con una buena copa de vino tinto...",89.41,Fuerte,http://saboresdecanada.mx/images/Pan_seared_medallions_category_thumbnail.jpg
NULL,"Salmón a la parrilla","Salmón a la parrilla en costra de cilantro, con salteado otoñal de chícharos mixtos preparado con la mejor receta...","Acompañalo con una copa de ino blanco o bien elige alguna de nuestra bebidas preparadas...",98.12,Fuerte,http://saboresdecanada.mx/images/Grilled_salmon_with_coriander_category_thumbnail.jpg
NULL,"Churros Mexicanos","Uno de los postres preferidos por los mexicanos de todas las edades. Los puedes rellenar de cajeta o chocolate.",NULL,45.13,Postre,http://mxcdn.ar-cdn.com/recipes/originalxl/b4e47982-83ff-4f20-ba75-c424db7b2e09.jpg
NULL,"Flan Napolitano","Flan cocinado a baño María dentro del horno tiene un sabor exquisito y una textura firme, pero muy delicada.",NULL,33.98,Postre,http://mxcdn.ar-cdn.com/recipes/originalxl/b8d297d8-37d9-4c6f-b036-be817dc9be65.jpg
NULL,"Arroz con Leche","Delicioso arroz preparado con leche, endulzado y con un toque de canela espolvoreada en su exterior...",NULL,28.12,Postre,http://mxcdn.ar-cdn.com/recipes/originalxl/69c10b1b-ef89-4738-95bd-064151e45d81.jpg
NULL,Helado,"Delicioso helado acompañado con cubierta de chocolate y frutas rojas, pregunta por los sabores...",NULL,44.99,Postre,http://cdn2.uvnimg.com/dims4/default/b1760d7/2147483647/resize/956x717%3E/quality/75/?url=http%3A%2F%2Fcdn3.uvnimg.com%2Ffc%2Fd5%2Fe7a893b0483ebc6f98350e50d61f%2F9ebe155a2a23423c8267223300e6b285
NULL,"Banana Split","Rica banana acompañada de helado sabor vainilla, chocolate y nuez...",NULL,65.41,Postre,http://img.loquenosabias.com/postres/2011/09/02/banana-split-postre-estadounidense.jpg
